{
    "levels": [
        {
            "collision_grid": [
                [1, 1, 1, 1, 1, 1, 1, 1, 1, 0, 0, 0, 0, 0, 0, 0, 0, 0, 0, 0, 0, 0, 0, 0, 0, 0, 0, 0, 0, 0, 0, 0, 0, 0, 0, 0, 0, 0, 0, 0, 0, 0, 1, 1, 1, 1, 1, 1, 1, 1, 1, 1, 1],
                [1, 1, 1, 1, 1, 1, 1, 1, 1, 0, 0, 0, 0, 0, 0, 0, 0, 0, 0, 0, 0, 0, 0, 0, 0, 0, 0, 0, 0, 0, 0, 0, 0, 0, 0, 0, 0, 0, 0, 0, 0, 0, 1, 1, 1, 1, 1, 1, 1, 1, 1, 1, 1],
                [1, 1, 1, 1, 1, 1, 1, 1, 1, 0, 0, 0, 0, 0, 0, 0, 0, 0, 0, 0, 0, 0, 0, 0, 0, 0, 0, 0, 0, 0, 0, 0, 0, 0, 0, 0, 0, 0, 0, 0, 0, 0, 1, 1, 1, 1, 1, 1, 1, 1, 1, 1, 1],
                [1, 1, 1, 1, 1, 1, 1, 1, 1, 0, 0, 0, 0, 0, 0, 0, 0, 0, 0, 0, 0, 0, 0, 0, 0, 0, 0, 0, 0, 0, 0, 0, 0, 0, 0, 0, 0, 0, 0, 0, 0, 0, 1, 1, 1, 1, 1, 1, 1, 1, 1, 1, 1],
                [1, 1, 1, 1, 1, 1, 1, 1, 1, 0, 0, 0, 0, 0, 0, 0, 0, 0, 0, 0, 0, 0, 0, 0, 0, 0, 0, 0, 0, 0, 0, 0, 0, 0, 0, 0, 0, 0, 0, 0, 0, 0, 1, 1, 1, 1, 1, 1, 1, 1, 1, 1, 1],
                [1, 1, 1, 1, 1, 1, 1, 1, 1, 0, 0, 0, 0, 0, 0, 0, 0, 0, 0, 0, 0, 0, 0, 0, 0, 0, 0, 0, 0, 0, 0, 0, 0, 0, 0, 0, 0, 0, 0, 0, 0, 0, 1, 1, 1, 1, 1, 1, 1, 1, 1, 1, 1],
                [1, 1, 1, 1, 1, 1, 1, 1, 1, 0, 0, 0, 0, 0, 0, 0, 0, 0, 0, 0, 0, 0, 0, 0, 0, 0, 0, 0, 0, 0, 0, 0, 0, 0, 0, 0, 0, 0, 0, 0, 0, 0, 1, 1, 1, 1, 1, 1, 1, 1, 1, 1, 1],
                [1, 1, 1, 1, 1, 1, 1, 1, 1, 0, 0, 0, 0, 0, 0, 0, 0, 0, 0, 0, 0, 0, 0, 0, 0, 0, 0, 0, 0, 0, 0, 0, 0, 0, 0, 0, 0, 0, 0, 0, 0, 0, 1, 1, 1, 1, 1, 1, 1, 1, 1, 1, 1],
                [1, 1, 1, 1, 1, 1, 1, 1, 1, 0, 0, 0, 0, 0, 0, 0, 0, 0, 0, 0, 0, 0, 0, 0, 1, 1, 1, 1, 1, 1, 1, 1, 1, 1, 0, 0, 0, 0, 0, 0, 0, 0, 1, 1, 1, 1, 1, 1, 1, 1, 1, 1, 1],
                [1, 1, 1, 1, 1, 1, 1, 1, 1, 0, 0, 0, 0, 0, 0, 0, 0, 0, 0, 0, 0, 0, 0, 0, 1, 1, 1, 1, 1, 1, 1, 1, 1, 1, 0, 0, 0, 0, 0, 0, 0, 0, 1, 1, 1, 1, 1, 1, 1, 1, 1, 1, 1],
                [1, 1, 1, 1, 1, 1, 1, 1, 1, 0, 0, 0, 0, 0, 0, 0, 0, 0, 0, 0, 0, 0, 0, 0, 1, 1, 1, 1, 1, 1, 1, 1, 1, 1, 0, 0, 0, 0, 0, 0, 0, 0, 1, 1, 1, 1, 1, 1, 1, 1, 1, 1, 1],
                [1, 1, 1, 1, 1, 1, 1, 1, 1, 0, 0, 0, 0, 0, 0, 0, 0, 0, 0, 0, 0, 0, 0, 0, 1, 1, 1, 1, 1, 1, 1, 1, 1, 1, 0, 0, 0, 0, 0, 0, 0, 0, 1, 1, 1, 1, 1, 1, 1, 1, 1, 1, 1],
                [1, 1, 1, 1, 1, 1, 1, 1, 1, 0, 0, 0, 0, 0, 0, 0, 0, 0, 0, 0, 0, 0, 0, 0, 1, 1, 1, 1, 1, 1, 1, 1, 1, 1, 0, 0, 0, 0, 0, 0, 0, 0, 1, 1, 1, 1, 1, 1, 1, 1, 1, 1, 1],
                [1, 1, 1, 1, 1, 1, 1, 1, 1, 0, 0, 0, 0, 0, 0, 0, 0, 0, 0, 0, 0, 0, 0, 0, 1, 1, 1, 1, 1, 1, 1, 1, 1, 1, 0, 0, 0, 0, 0, 0, 0, 0, 1, 1, 1, 1, 1, 1, 1, 1, 1, 1, 1],
                [1, 1, 1, 1, 1, 1, 1, 1, 1, 0, 0, 0, 0, 0, 0, 0, 0, 0, 0, 0, 0, 0, 0, 0, 1, 1, 1, 1, 1, 1, 1, 1, 1, 1, 0, 0, 0, 0, 0, 0, 0, 0, 1, 1, 1, 1, 1, 1, 1, 1, 1, 1, 1],
                [1, 1, 1, 1, 1, 1, 1, 1, 1, 0, 0, 0, 0, 0, 0, 0, 0, 0, 0, 0, 0, 0, 0, 0, 1, 1, 1, 1, 1, 1, 1, 1, 1, 1, 0, 0, 0, 0, 0, 0, 0, 0, 1, 1, 1, 1, 1, 1, 1, 1, 1, 1, 1],
                [1, 1, 1, 1, 1, 1, 1, 1, 1, 0, 0, 0, 0, 0, 0, 0, 0, 0, 0, 0, 0, 0, 0, 0, 1, 1, 1, 1, 1, 1, 1, 1, 1, 1, 0, 0, 0, 0, 0, 0, 0, 0, 1, 1, 1, 1, 1, 1, 1, 1, 1, 1, 1],
                [1, 1, 1, 1, 1, 1, 1, 1, 1, 0, 0, 0, 0, 0, 0, 0, 0, 0, 0, 0, 0, 0, 0, 0, 0, 0, 0, 0, 0, 0, 0, 0, 0, 0, 0, 0, 0, 0, 0, 0, 0, 0, 1, 1, 1, 1, 1, 1, 1, 1, 1, 1, 1],
                [1, 1, 1, 1, 1, 1, 1, 1, 1, 0, 0, 0, 0, 0, 0, 0, 0, 0, 0, 0, 0, 0, 0, 0, 0, 0, 0, 0, 0, 0, 0, 0, 0, 0, 0, 0, 0, 0, 0, 0, 0, 0, 1, 1, 1, 1, 1, 1, 1, 1, 1, 1, 1],
                [1, 1, 1, 1, 1, 1, 1, 1, 1, 0, 0, 0, 0, 0, 0, 0, 0, 0, 0, 0, 0, 0, 0, 0, 0, 0, 0, 0, 0, 0, 0, 0, 0, 0, 0, 0, 0, 0, 0, 0, 0, 0, 1, 1, 1, 1, 1, 1, 1, 1, 1, 1, 1],
                [0, 0, 0, 0, 0, 0, 0, 0, 0, 0, 0, 0, 0, 0, 0, 0, 0, 0, 0, 0, 0, 0, 0, 0, 0, 0, 0, 0, 0, 0, 0, 0, 0, 0, 0, 0, 0, 0, 0, 0, 0, 0, 1, 1, 1, 1, 1, 1, 1, 1, 1, 1, 1],
                [0, 0, 0, 0, 0, 0, 0, 0, 0, 0, 0, 0, 0, 0, 0, 0, 0, 0, 0, 0, 0, 0, 0, 0, 0, 0, 0, 0, 0, 0, 0, 0, 0, 0, 0, 0, 0, 0, 0, 0, 0, 0, 1, 1, 1, 1, 1, 1, 1, 1, 1, 1, 1],
                [0, 0, 0, 0, 0, 0, 0, 0, 0, 0, 0, 0, 0, 0, 0, 0, 0, 0, 0, 0, 0, 0, 0, 0, 0, 0, 0, 0, 0, 0, 0, 0, 0, 0, 0, 0, 0, 0, 0, 0, 0, 0, 1, 1, 1, 1, 1, 1, 1, 1, 1, 1, 1],
                [0, 0, 0, 0, 0, 0, 0, 0, 0, 0, 0, 0, 0, 1, 1, 1, 1, 1, 1, 0, 0, 0, 0, 0, 0, 0, 0, 0, 0, 0, 0, 0, 0, 0, 0, 0, 0, 0, 0, 0, 0, 0, 1, 1, 1, 1, 1, 1, 1, 1, 1, 1, 1],
                [0, 0, 0, 0, 0, 0, 0, 0, 0, 0, 0, 0, 0, 1, 1, 1, 1, 1, 1, 0, 0, 0, 0, 0, 0, 0, 0, 0, 0, 0, 0, 0, 0, 0, 0, 0, 0, 0, 0, 0, 0, 0, 1, 1, 1, 1, 1, 1, 1, 1, 1, 1, 1],
                [0, 0, 0, 0, 0, 0, 0, 0, 0, 0, 0, 0, 0, 1, 1, 1, 1, 1, 1, 0, 0, 0, 0, 0, 0, 0, 0, 0, 0, 0, 0, 0, 0, 0, 0, 0, 0, 0, 0, 0, 0, 0, 1, 1, 1, 1, 1, 1, 1, 1, 1, 1, 1],
                [0, 0, 0, 0, 0, 0, 0, 0, 0, 0, 0, 0, 0, 1, 1, 1, 1, 1, 1, 0, 0, 0, 0, 0, 0, 0, 0, 0, 0, 0, 0, 0, 0, 0, 0, 0, 0, 0, 0, 0, 0, 0, 1, 1, 1, 1, 1, 1, 1, 1, 1, 1, 1],
                [0, 0, 0, 0, 0, 0, 0, 0, 0, 0, 0, 0, 0, 1, 1, 1, 1, 1, 1, 0, 0, 0, 0, 0, 0, 0, 0, 0, 0, 0, 0, 0, 0, 0, 0, 0, 0, 0, 0, 0, 0, 0, 1, 1, 1, 1, 1, 1, 1, 1, 1, 1, 1],
                [0, 0, 0, 0, 0, 0, 0, 0, 0, 0, 0, 0, 0, 1, 1, 1, 1, 1, 1, 0, 0, 0, 0, 0, 0, 0, 0, 0, 0, 0, 0, 0, 0, 0, 0, 0, 0, 0, 0, 0, 0, 0, 1, 1, 1, 1, 1, 1, 1, 1, 1, 1, 1],
                [0, 0, 0, 0, 0, 0, 0, 0, 0, 0, 0, 0, 0, 1, 1, 1, 1, 1, 1, 0, 0, 0, 0, 0, 0, 0, 0, 0, 0, 0, 0, 0, 0, 0, 0, 0, 0, 0, 0, 0, 0, 0, 1, 1, 1, 1, 1, 1, 1, 1, 1, 1, 1]
              ],
            "entities": [
                {"type": "player", "x": 0, "y": 600, "image": "animated/player_idle_frame_1.png", "animation_states": {
                        "idle": ["animated/player_idle_frame_1.png", "animated/player_idle_frame_2.png", "animated/player_idle_frame_3.png", "animated/player_idle_frame_4.png", "animated/player_idle_frame_5.png", "animated/player_idle_frame_6.png", "animated/player_idle_frame_7.png", "animated/player_idle_frame_8.png", "animated/player_idle_frame_9.png", "animated/player_idle_frame_10.png", "animated/player_idle_frame_11.png", "animated/player_idle_frame_12.png", "animated/player_idle_frame_13.png", "animated/player_idle_frame_14.png", "animated/player_idle_frame_15.png", "animated/player_idle_frame_16.png", "animated/player_idle_frame_17.png", "animated/player_idle_frame_18.png", "animated/player_idle_frame_19.png", "animated/player_idle_frame_20.png", "animated/player_idle_frame_21.png", "animated/player_idle_frame_22.png", "animated/player_idle_frame_23.png", "animated/player_idle_frame_24.png", "animated/player_idle_frame_25.png", "animated/player_idle_frame_26.png", "animated/player_idle_frame_27.png", "animated/player_idle_frame_28.png", "animated/player_idle_frame_29.png", "animated/player_idle_frame_30.png", "animated/player_idle_frame_31.png", "animated/player_idle_frame_32.png", "animated/player_idle_frame_33.png"],
                        "walking_up": ["animated/player_walking_up_frame1.png", "animated/player_walking_up_frame2.png", "animated/player_walking_up_frame3.png", "animated/player_walking_up_frame4.png", "animated/player_walking_up_frame5.png", "animated/player_walking_up_frame6.png", "animated/player_walking_up_frame7.png", "animated/player_walking_up_frame8.png", "animated/player_walking_up_frame9.png", "animated/player_walking_up_frame10.png", "animated/player_walking_up_frame11.png", "animated/player_walking_up_frame12.png", "animated/player_walking_up_frame13.png", "animated/player_walking_up_frame14.png", "animated/player_walking_up_frame15.png", "animated/player_walking_up_frame16.png", "animated/player_walking_up_frame17.png", "animated/player_walking_up_frame18.png", "animated/player_walking_up_frame19.png", "animated/player_walking_up_frame20.png", "animated/player_walking_up_frame21.png", "animated/player_walking_up_frame22.png", "animated/player_walking_up_frame23.png", "animated/player_walking_up_frame24.png", "animated/player_walking_up_frame25.png", "animated/player_walking_up_frame26.png", "animated/player_walking_up_frame27.png", "animated/player_walking_up_frame28.png", "animated/player_walking_up_frame29.png", "animated/player_walking_up_frame30.png", "animated/player_walking_up_frame31.png", "animated/player_walking_up_frame32.png", "animated/player_walking_up_frame33.png", "animated/player_walking_up_frame34.png", "animated/player_walking_up_frame35.png", "animated/player_walking_up_frame36.png"],
                        "walking_down": ["animated/player_walking_down_frame1.png", "animated/player_walking_down_frame2.png", "animated/player_walking_down_frame3.png", "animated/player_walking_down_frame4.png", "animated/player_walking_down_frame5.png", "animated/player_walking_down_frame6.png", "animated/player_walking_down_frame7.png", "animated/player_walking_down_frame8.png", "animated/player_walking_down_frame9.png", "animated/player_walking_down_frame10.png", "animated/player_walking_down_frame11.png", "animated/player_walking_down_frame12.png", "animated/player_walking_down_frame13.png", "animated/player_walking_down_frame14.png", "animated/player_walking_down_frame15.png", "animated/player_walking_down_frame16.png", "animated/player_walking_down_frame17.png", "animated/player_walking_down_frame18.png", "animated/player_walking_down_frame19.png", "animated/player_walking_down_frame20.png", "animated/player_walking_down_frame21.png", "animated/player_walking_down_frame22.png", "animated/player_walking_down_frame23.png", "animated/player_walking_down_frame24.png", "animated/player_walking_down_frame25.png", "animated/player_walking_down_frame26.png", "animated/player_walking_down_frame27.png", "animated/player_walking_down_frame28.png", "animated/player_walking_down_frame29.png", "animated/player_walking_down_frame30.png", "animated/player_walking_down_frame31.png", "animated/player_walking_down_frame32.png", "animated/player_walking_down_frame33.png", "animated/player_walking_down_frame34.png", "animated/player_walking_down_frame35.png", "animated/player_walking_down_frame36.png"],
                        "walking_right": ["animated/player_walking_right_frame_1.png", "animated/player_walking_right_frame_2.png", "animated/player_walking_right_frame_3.png", "animated/player_walking_right_frame_4.png", "animated/player_walking_right_frame_5.png", "animated/player_walking_right_frame_6.png", "animated/player_walking_right_frame_7.png", "animated/player_walking_right_frame_8.png", "animated/player_walking_right_frame_9.png", "animated/player_walking_right_frame_10.png", "animated/player_walking_right_frame_11.png", "animated/player_walking_right_frame_12.png", "animated/player_walking_right_frame_13.png", "animated/player_walking_right_frame_14.png", "animated/player_walking_right_frame_15.png", "animated/player_walking_right_frame_16.png", "animated/player_walking_right_frame_17.png", "animated/player_walking_right_frame_18.png", "animated/player_walking_right_frame_19.png", "animated/player_walking_right_frame_20.png", "animated/player_walking_right_frame_21.png", "animated/player_walking_right_frame_22.png", "animated/player_walking_right_frame_23.png", "animated/player_walking_right_frame_24.png", "animated/player_walking_right_frame_25.png", "animated/player_walking_right_frame_26.png", "animated/player_walking_right_frame_27.png", "animated/player_walking_right_frame_28.png", "animated/player_walking_right_frame_29.png", "animated/player_walking_right_frame_30.png", "animated/player_walking_right_frame_31.png", "animated/player_walking_right_frame_32.png", "animated/player_walking_right_frame_33.png", "animated/player_walking_right_frame_34.png", "animated/player_walking_right_frame_35.png", "animated/player_walking_right_frame_36.png"],
                        "walking_left": ["animated/player_walking_left1.png", "animated/player_walking_left2.png", "animated/player_walking_left3.png", "animated/player_walking_left4.png", "animated/player_walking_left5.png", "animated/player_walking_left6.png", "animated/player_walking_left7.png", "animated/player_walking_left8.png", "animated/player_walking_left9.png", "animated/player_walking_left10.png", "animated/player_walking_left11.png", "animated/player_walking_left12.png", "animated/player_walking_left13.png", "animated/player_walking_left14.png", "animated/player_walking_left15.png", "animated/player_walking_left16.png", "animated/player_walking_left17.png", "animated/player_walking_left18.png", "animated/player_walking_left19.png", "animated/player_walking_left20.png", "animated/player_walking_left21.png", "animated/player_walking_left22.png", "animated/player_walking_left23.png", "animated/player_walking_left24.png", "animated/player_walking_left25.png", "animated/player_walking_left26.png", "animated/player_walking_left27.png", "animated/player_walking_left28.png", "animated/player_walking_left29.png", "animated/player_walking_left30.png", "animated/player_walking_left31.png", "animated/player_walking_left32.png", "animated/player_walking_left33.png", "animated/player_walking_left34.png", "animated/player_walking_left35.png", "animated/player_walking_left36.png"]
                    }},
                {"type": "npc", "x": 384, "y": 168, "image": "npc_new_invert.png", "dialogue_tree": {
                    "npc_text": "hello",
                    "responses": [
                        {
                            "response_text": "hi",
                            "next": {
                                "npc_text": "how are you?",
                                "responses": [
                                    {
                                        "response_text": "good",
                                        "next": {
                                            "npc_text": "great to hear!",
                                            "responses": []
                                        }
                                    },
                                    {
                                        "response_text": "bad",
                                        "next": {
                                            "npc_text": "sorry to hear that.",
                                            "responses": []
                                        }
                                    }
                                ]
                            }
                        },
                        {
                            "response_text": "bye",
                            "next": {
                                "npc_text": "goodbye!",
                                "npc_action": "move_to(35,19)",
                                "responses": []
                            }
                        }
                    ]
                }, "animation_states": {
                        "idle": ["animated/player_idle_frame_1.png", "animated/player_idle_frame_2.png", "animated/player_idle_frame_3.png", "animated/player_idle_frame_4.png", "animated/player_idle_frame_5.png", "animated/player_idle_frame_6.png", "animated/player_idle_frame_7.png", "animated/player_idle_frame_8.png", "animated/player_idle_frame_9.png", "animated/player_idle_frame_10.png", "animated/player_idle_frame_11.png", "animated/player_idle_frame_12.png", "animated/player_idle_frame_13.png", "animated/player_idle_frame_14.png", "animated/player_idle_frame_15.png", "animated/player_idle_frame_16.png", "animated/player_idle_frame_17.png", "animated/player_idle_frame_18.png", "animated/player_idle_frame_19.png", "animated/player_idle_frame_20.png", "animated/player_idle_frame_21.png", "animated/player_idle_frame_22.png", "animated/player_idle_frame_23.png", "animated/player_idle_frame_24.png", "animated/player_idle_frame_25.png", "animated/player_idle_frame_26.png", "animated/player_idle_frame_27.png", "animated/player_idle_frame_28.png", "animated/player_idle_frame_29.png", "animated/player_idle_frame_30.png", "animated/player_idle_frame_31.png", "animated/player_idle_frame_32.png", "animated/player_idle_frame_33.png"],
                        "walking_up": ["animated/player_walking_up_frame1.png", "animated/player_walking_up_frame2.png", "animated/player_walking_up_frame3.png", "animated/player_walking_up_frame4.png", "animated/player_walking_up_frame5.png", "animated/player_walking_up_frame6.png", "animated/player_walking_up_frame7.png", "animated/player_walking_up_frame8.png", "animated/player_walking_up_frame9.png", "animated/player_walking_up_frame10.png", "animated/player_walking_up_frame11.png", "animated/player_walking_up_frame12.png", "animated/player_walking_up_frame13.png", "animated/player_walking_up_frame14.png", "animated/player_walking_up_frame15.png", "animated/player_walking_up_frame16.png", "animated/player_walking_up_frame17.png", "animated/player_walking_up_frame18.png", "animated/player_walking_up_frame19.png", "animated/player_walking_up_frame20.png", "animated/player_walking_up_frame21.png", "animated/player_walking_up_frame22.png", "animated/player_walking_up_frame23.png", "animated/player_walking_up_frame24.png", "animated/player_walking_up_frame25.png", "animated/player_walking_up_frame26.png", "animated/player_walking_up_frame27.png", "animated/player_walking_up_frame28.png", "animated/player_walking_up_frame29.png", "animated/player_walking_up_frame30.png", "animated/player_walking_up_frame31.png", "animated/player_walking_up_frame32.png", "animated/player_walking_up_frame33.png", "animated/player_walking_up_frame34.png", "animated/player_walking_up_frame35.png", "animated/player_walking_up_frame36.png"],
                        "walking_down": ["animated/player_walking_down_frame1.png", "animated/player_walking_down_frame2.png", "animated/player_walking_down_frame3.png", "animated/player_walking_down_frame4.png", "animated/player_walking_down_frame5.png", "animated/player_walking_down_frame6.png", "animated/player_walking_down_frame7.png", "animated/player_walking_down_frame8.png", "animated/player_walking_down_frame9.png", "animated/player_walking_down_frame10.png", "animated/player_walking_down_frame11.png", "animated/player_walking_down_frame12.png", "animated/player_walking_down_frame13.png", "animated/player_walking_down_frame14.png", "animated/player_walking_down_frame15.png", "animated/player_walking_down_frame16.png", "animated/player_walking_down_frame17.png", "animated/player_walking_down_frame18.png", "animated/player_walking_down_frame19.png", "animated/player_walking_down_frame20.png", "animated/player_walking_down_frame21.png", "animated/player_walking_down_frame22.png", "animated/player_walking_down_frame23.png", "animated/player_walking_down_frame24.png", "animated/player_walking_down_frame25.png", "animated/player_walking_down_frame26.png", "animated/player_walking_down_frame27.png", "animated/player_walking_down_frame28.png", "animated/player_walking_down_frame29.png", "animated/player_walking_down_frame30.png", "animated/player_walking_down_frame31.png", "animated/player_walking_down_frame32.png", "animated/player_walking_down_frame33.png", "animated/player_walking_down_frame34.png", "animated/player_walking_down_frame35.png", "animated/player_walking_down_frame36.png"],
                        "walking_right": ["animated/player_walking_right_frame_1.png", "animated/player_walking_right_frame_2.png", "animated/player_walking_right_frame_3.png", "animated/player_walking_right_frame_4.png", "animated/player_walking_right_frame_5.png", "animated/player_walking_right_frame_6.png", "animated/player_walking_right_frame_7.png", "animated/player_walking_right_frame_8.png", "animated/player_walking_right_frame_9.png", "animated/player_walking_right_frame_10.png", "animated/player_walking_right_frame_11.png", "animated/player_walking_right_frame_12.png", "animated/player_walking_right_frame_13.png", "animated/player_walking_right_frame_14.png", "animated/player_walking_right_frame_15.png", "animated/player_walking_right_frame_16.png", "animated/player_walking_right_frame_17.png", "animated/player_walking_right_frame_18.png", "animated/player_walking_right_frame_19.png", "animated/player_walking_right_frame_20.png", "animated/player_walking_right_frame_21.png", "animated/player_walking_right_frame_22.png", "animated/player_walking_right_frame_23.png", "animated/player_walking_right_frame_24.png", "animated/player_walking_right_frame_25.png", "animated/player_walking_right_frame_26.png", "animated/player_walking_right_frame_27.png", "animated/player_walking_right_frame_28.png", "animated/player_walking_right_frame_29.png", "animated/player_walking_right_frame_30.png", "animated/player_walking_right_frame_31.png", "animated/player_walking_right_frame_32.png", "animated/player_walking_right_frame_33.png", "animated/player_walking_right_frame_34.png", "animated/player_walking_right_frame_35.png", "animated/player_walking_right_frame_36.png"],
                        "walking_left": ["animated/player_walking_left1.png", "animated/player_walking_left2.png", "animated/player_walking_left3.png", "animated/player_walking_left4.png", "animated/player_walking_left5.png", "animated/player_walking_left6.png", "animated/player_walking_left7.png", "animated/player_walking_left8.png", "animated/player_walking_left9.png", "animated/player_walking_left10.png", "animated/player_walking_left11.png", "animated/player_walking_left12.png", "animated/player_walking_left13.png", "animated/player_walking_left14.png", "animated/player_walking_left15.png", "animated/player_walking_left16.png", "animated/player_walking_left17.png", "animated/player_walking_left18.png", "animated/player_walking_left19.png", "animated/player_walking_left20.png", "animated/player_walking_left21.png", "animated/player_walking_left22.png", "animated/player_walking_left23.png", "animated/player_walking_left24.png", "animated/player_walking_left25.png", "animated/player_walking_left26.png", "animated/player_walking_left27.png", "animated/player_walking_left28.png", "animated/player_walking_left29.png", "animated/player_walking_left30.png", "animated/player_walking_left31.png", "animated/player_walking_left32.png", "animated/player_walking_left33.png", "animated/player_walking_left34.png", "animated/player_walking_left35.png", "animated/player_walking_left36.png"]
                    } , "ai_abilities": {
                        "ai_packages": ["move_randomly"]
                    }
            }
            ],
            "background_image": "background1.png",
            "doors": [
                {"x": 384, "y": 300, "image": "door1.png", "target_level": 1, "target_x": 1, "target_y": 1}
            ]
        },
        {
            "collision_grid": [
                [1, 1, 1, 1, 1, 1, 1, 1, 1, 1, 1, 1, 1, 0, 0, 0, 0, 0, 0, 0, 0, 0, 0, 0, 0, 0, 0, 0, 0, 0, 0, 0, 0, 0, 0, 0, 0, 0, 1, 1, 1, 1, 1, 1, 1, 1, 1, 1, 1, 1, 1, 1, 1],
                [1, 1, 1, 1, 1, 1, 1, 1, 1, 1, 1, 1, 1, 0, 0, 0, 0, 0, 0, 0, 0, 0, 0, 0, 0, 0, 0, 0, 0, 0, 0, 0, 0, 0, 0, 0, 0, 0, 1, 1, 1, 1, 1, 1, 1, 1, 1, 1, 1, 1, 1, 1, 1],
                [1, 1, 1, 1, 1, 1, 1, 1, 1, 1, 1, 1, 1, 0, 0, 0, 0, 0, 0, 0, 0, 0, 0, 0, 0, 0, 0, 0, 0, 0, 0, 0, 0, 0, 0, 0, 0, 0, 1, 1, 1, 1, 1, 1, 1, 1, 1, 1, 1, 1, 1, 1, 1],
                [1, 1, 1, 1, 1, 1, 1, 1, 1, 1, 1, 1, 1, 0, 0, 0, 0, 0, 0, 0, 0, 0, 0, 0, 0, 0, 0, 0, 0, 0, 0, 0, 0, 0, 0, 0, 0, 0, 1, 1, 1, 1, 1, 1, 1, 1, 1, 1, 1, 1, 1, 1, 1],
                [1, 1, 1, 1, 1, 1, 1, 1, 1, 1, 1, 1, 1, 0, 0, 0, 0, 0, 0, 0, 0, 0, 0, 0, 0, 0, 0, 0, 0, 0, 0, 0, 0, 0, 0, 0, 0, 0, 1, 1, 1, 1, 1, 1, 1, 1, 1, 1, 1, 1, 1, 1, 1],
                [1, 1, 1, 1, 1, 1, 1, 1, 1, 1, 1, 1, 1, 0, 0, 0, 0, 0, 0, 0, 0, 0, 0, 0, 0, 0, 0, 0, 0, 0, 0, 0, 0, 0, 0, 0, 0, 0, 1, 1, 1, 1, 1, 1, 1, 1, 1, 1, 1, 1, 1, 1, 1],
                [1, 1, 1, 1, 1, 1, 1, 1, 1, 1, 1, 1, 1, 0, 0, 0, 0, 0, 0, 0, 0, 0, 0, 0, 0, 0, 0, 0, 0, 0, 0, 0, 0, 0, 0, 0, 0, 0, 1, 1, 1, 1, 1, 1, 1, 1, 1, 1, 1, 1, 1, 1, 1],
                [1, 1, 1, 1, 1, 1, 1, 1, 1, 1, 1, 1, 1, 0, 0, 0, 0, 0, 0, 0, 0, 0, 0, 0, 0, 0, 0, 0, 0, 0, 0, 0, 0, 0, 0, 0, 0, 0, 0, 0, 0, 0, 0, 0, 0, 0, 0, 0, 0, 0, 0, 0, 0],
                [1, 1, 1, 1, 1, 1, 1, 1, 1, 1, 1, 1, 1, 0, 0, 0, 0, 0, 0, 0, 0, 0, 0, 0, 0, 0, 0, 0, 0, 0, 0, 0, 0, 0, 0, 0, 0, 0, 0, 0, 0, 0, 0, 0, 0, 0, 0, 0, 0, 0, 0, 0, 0],
                [1, 1, 1, 1, 1, 1, 1, 1, 1, 1, 1, 1, 0, 0, 0, 0, 0, 0, 0, 0, 0, 0, 0, 0, 0, 0, 0, 0, 0, 0, 0, 0, 0, 0, 0, 0, 0, 0, 0, 0, 0, 0, 0, 0, 0, 0, 0, 0, 0, 0, 0, 0, 0],
                [0, 0, 0, 0, 0, 0, 0, 0, 0, 0, 0, 0, 0, 0, 0, 0, 0, 0, 0, 0, 0, 0, 0, 0, 0, 0, 0, 0, 0, 0, 0, 0, 0, 0, 0, 0, 0, 0, 0, 0, 0, 0, 0, 0, 0, 0, 0, 0, 0, 0, 0, 0, 0],
                [0, 0, 0, 0, 0, 0, 0, 0, 0, 0, 0, 0, 0, 0, 0, 0, 0, 0, 0, 0, 0, 0, 0, 0, 0, 0, 0, 0, 0, 0, 0, 0, 0, 0, 0, 0, 0, 0, 0, 0, 0, 0, 0, 0, 0, 0, 0, 0, 0, 0, 0, 0, 0],
                [0, 0, 0, 0, 0, 0, 0, 0, 0, 0, 0, 0, 0, 0, 0, 0, 0, 0, 0, 0, 0, 0, 0, 0, 0, 0, 0, 0, 0, 0, 0, 0, 0, 0, 0, 0, 0, 0, 0, 0, 0, 0, 0, 0, 0, 0, 0, 0, 0, 0, 0, 0, 0],
                [0, 0, 0, 0, 0, 0, 0, 0, 0, 0, 0, 0, 0, 0, 0, 0, 0, 0, 0, 0, 0, 0, 0, 0, 0, 0, 0, 0, 0, 0, 0, 0, 0, 0, 0, 0, 0, 0, 0, 0, 0, 0, 0, 0, 0, 0, 0, 0, 0, 0, 0, 0, 0],
                [0, 0, 0, 0, 0, 0, 0, 0, 0, 0, 0, 0, 0, 0, 0, 0, 0, 0, 0, 0, 0, 0, 0, 0, 0, 0, 0, 0, 0, 0, 0, 0, 0, 0, 0, 0, 0, 0, 0, 0, 0, 0, 0, 0, 0, 0, 0, 0, 0, 0, 0, 0, 0],
                [0, 0, 0, 0, 0, 0, 0, 0, 0, 0, 0, 0, 0, 0, 0, 0, 0, 0, 0, 0, 0, 0, 0, 0, 0, 0, 0, 0, 0, 0, 0, 0, 0, 0, 0, 0, 0, 0, 0, 0, 0, 0, 0, 0, 0, 0, 0, 0, 0, 0, 0, 0, 0],
                [0, 0, 0, 0, 0, 0, 0, 0, 0, 0, 0, 0, 0, 0, 0, 0, 0, 0, 0, 0, 0, 0, 0, 0, 0, 0, 0, 0, 0, 0, 0, 0, 0, 0, 0, 0, 0, 0, 0, 0, 0, 0, 0, 0, 0, 0, 0, 0, 0, 0, 0, 0, 0],
                [0, 0, 0, 0, 0, 0, 0, 0, 0, 0, 0, 0, 0, 0, 0, 0, 0, 0, 0, 0, 0, 0, 0, 0, 0, 0, 0, 0, 0, 0, 0, 0, 0, 0, 0, 0, 0, 0, 0, 0, 0, 0, 0, 0, 0, 0, 0, 0, 0, 0, 0, 0, 0],
                [0, 0, 0, 0, 0, 0, 0, 0, 0, 0, 0, 0, 0, 0, 0, 0, 0, 0, 0, 0, 0, 0, 0, 0, 0, 0, 0, 0, 0, 0, 0, 0, 0, 0, 0, 0, 0, 0, 0, 0, 0, 0, 1, 1, 1, 1, 1, 1, 1, 1, 1, 1, 1],
                [0, 0, 0, 0, 0, 0, 0, 0, 0, 0, 0, 0, 0, 0, 0, 0, 0, 0, 0, 0, 0, 0, 0, 0, 0, 0, 0, 0, 0, 0, 0, 0, 0, 0, 0, 0, 0, 0, 0, 0, 0, 0, 1, 1, 1, 1, 1, 1, 1, 1, 1, 1, 1],
                [0, 0, 0, 0, 0, 0, 0, 0, 0, 0, 0, 0, 0, 0, 0, 0, 0, 0, 0, 0, 0, 0, 0, 0, 0, 0, 0, 0, 0, 0, 0, 0, 0, 0, 0, 0, 0, 0, 0, 0, 0, 0, 1, 1, 1, 1, 1, 1, 1, 1, 1, 1, 1],
                [0, 0, 0, 0, 0, 0, 0, 0, 0, 0, 0, 0, 0, 0, 0, 0, 0, 0, 0, 0, 0, 0, 0, 0, 0, 0, 0, 0, 0, 0, 0, 0, 0, 0, 0, 0, 0, 0, 0, 0, 0, 0, 1, 1, 1, 1, 1, 1, 1, 1, 1, 1, 1],
                [0, 0, 0, 0, 0, 0, 0, 0, 0, 0, 0, 0, 0, 0, 0, 0, 0, 0, 0, 1, 1, 1, 1, 1, 1, 1, 1, 1, 1, 1, 0, 0, 0, 0, 0, 0, 0, 0, 0, 0, 0, 0, 1, 1, 1, 1, 1, 1, 1, 1, 1, 1, 1],
                [0, 0, 0, 0, 0, 0, 0, 0, 0, 0, 0, 0, 0, 0, 0, 0, 0, 0, 0, 1, 1, 1, 1, 1, 1, 1, 1, 1, 1, 1, 0, 0, 0, 0, 0, 0, 0, 0, 0, 0, 0, 0, 1, 1, 1, 1, 1, 1, 1, 1, 1, 1, 1],
                [0, 0, 0, 0, 0, 0, 0, 0, 0, 0, 0, 0, 0, 0, 0, 0, 0, 0, 0, 1, 1, 1, 1, 1, 1, 1, 1, 1, 1, 1, 0, 0, 0, 0, 0, 0, 0, 0, 0, 0, 0, 0, 1, 1, 1, 1, 1, 1, 1, 1, 1, 1, 1],
                [0, 0, 0, 0, 0, 0, 0, 0, 0, 0, 0, 0, 0, 0, 0, 0, 0, 0, 0, 1, 1, 1, 1, 1, 1, 1, 1, 1, 1, 1, 0, 0, 0, 0, 0, 0, 0, 0, 0, 0, 0, 0, 1, 1, 1, 1, 1, 1, 1, 1, 1, 1, 1],
                [0, 0, 0, 0, 0, 0, 0, 0, 0, 0, 0, 0, 0, 0, 0, 0, 0, 0, 0, 1, 1, 1, 1, 1, 1, 1, 1, 1, 1, 1, 0, 0, 0, 0, 0, 0, 0, 0, 0, 0, 0, 0, 1, 1, 1, 1, 1, 1, 1, 1, 1, 1, 1],
                [0, 0, 0, 0, 0, 0, 0, 0, 0, 0, 0, 0, 0, 0, 0, 0, 0, 0, 0, 1, 1, 1, 1, 1, 1, 1, 1, 1, 1, 1, 0, 0, 0, 0, 0, 0, 0, 0, 0, 0, 0, 0, 1, 1, 1, 1, 1, 1, 1, 1, 1, 1, 1],
                [0, 0, 0, 0, 0, 0, 0, 0, 0, 0, 0, 0, 0, 0, 0, 0, 0, 0, 0, 1, 1, 1, 1, 1, 1, 1, 1, 1, 1, 1, 0, 0, 0, 0, 0, 0, 0, 0, 0, 0, 0, 0, 1, 1, 1, 1, 1, 1, 1, 1, 1, 1, 1],
                [0, 0, 0, 0, 0, 0, 0, 0, 0, 0, 0, 0, 0, 0, 0, 0, 0, 0, 0, 1, 1, 1, 1, 1, 1, 1, 1, 1, 1, 1, 0, 0, 0, 0, 0, 0, 0, 0, 0, 0, 0, 0, 1, 1, 1, 1, 1, 1, 1, 1, 1, 1, 1]
              ],
            "entities": [
                {"type": "player", "x": 0, "y": 600, "image": "animated/player_idle_frame_1.png", "animation_states": {
                    "idle": ["animated/player_idle_frame_1.png", "animated/player_idle_frame_2.png", "animated/player_idle_frame_3.png", "animated/player_idle_frame_4.png", "animated/player_idle_frame_5.png", "animated/player_idle_frame_6.png", "animated/player_idle_frame_7.png", "animated/player_idle_frame_8.png", "animated/player_idle_frame_9.png", "animated/player_idle_frame_10.png", "animated/player_idle_frame_11.png", "animated/player_idle_frame_12.png", "animated/player_idle_frame_13.png", "animated/player_idle_frame_14.png", "animated/player_idle_frame_15.png", "animated/player_idle_frame_16.png", "animated/player_idle_frame_17.png", "animated/player_idle_frame_18.png", "animated/player_idle_frame_19.png", "animated/player_idle_frame_20.png", "animated/player_idle_frame_21.png", "animated/player_idle_frame_22.png", "animated/player_idle_frame_23.png", "animated/player_idle_frame_24.png", "animated/player_idle_frame_25.png", "animated/player_idle_frame_26.png", "animated/player_idle_frame_27.png", "animated/player_idle_frame_28.png", "animated/player_idle_frame_29.png", "animated/player_idle_frame_30.png", "animated/player_idle_frame_31.png", "animated/player_idle_frame_32.png", "animated/player_idle_frame_33.png"],
                    "walking_up": ["animated/player_walking_up_frame1.png", "animated/player_walking_up_frame2.png", "animated/player_walking_up_frame3.png", "animated/player_walking_up_frame4.png", "animated/player_walking_up_frame5.png", "animated/player_walking_up_frame6.png", "animated/player_walking_up_frame7.png", "animated/player_walking_up_frame8.png", "animated/player_walking_up_frame9.png", "animated/player_walking_up_frame10.png", "animated/player_walking_up_frame11.png", "animated/player_walking_up_frame12.png", "animated/player_walking_up_frame13.png", "animated/player_walking_up_frame14.png", "animated/player_walking_up_frame15.png", "animated/player_walking_up_frame16.png", "animated/player_walking_up_frame17.png", "animated/player_walking_up_frame18.png", "animated/player_walking_up_frame19.png", "animated/player_walking_up_frame20.png", "animated/player_walking_up_frame21.png", "animated/player_walking_up_frame22.png", "animated/player_walking_up_frame23.png", "animated/player_walking_up_frame24.png", "animated/player_walking_up_frame25.png", "animated/player_walking_up_frame26.png", "animated/player_walking_up_frame27.png", "animated/player_walking_up_frame28.png", "animated/player_walking_up_frame29.png", "animated/player_walking_up_frame30.png", "animated/player_walking_up_frame31.png", "animated/player_walking_up_frame32.png", "animated/player_walking_up_frame33.png", "animated/player_walking_up_frame34.png", "animated/player_walking_up_frame35.png", "animated/player_walking_up_frame36.png"],
                    "walking_down": ["animated/player_walking_down_frame1.png", "animated/player_walking_down_frame2.png", "animated/player_walking_down_frame3.png", "animated/player_walking_down_frame4.png", "animated/player_walking_down_frame5.png", "animated/player_walking_down_frame6.png", "animated/player_walking_down_frame7.png", "animated/player_walking_down_frame8.png", "animated/player_walking_down_frame9.png", "animated/player_walking_down_frame10.png", "animated/player_walking_down_frame11.png", "animated/player_walking_down_frame12.png", "animated/player_walking_down_frame13.png", "animated/player_walking_down_frame14.png", "animated/player_walking_down_frame15.png", "animated/player_walking_down_frame16.png", "animated/player_walking_down_frame17.png", "animated/player_walking_down_frame18.png", "animated/player_walking_down_frame19.png", "animated/player_walking_down_frame20.png", "animated/player_walking_down_frame21.png", "animated/player_walking_down_frame22.png", "animated/player_walking_down_frame23.png", "animated/player_walking_down_frame24.png", "animated/player_walking_down_frame25.png", "animated/player_walking_down_frame26.png", "animated/player_walking_down_frame27.png", "animated/player_walking_down_frame28.png", "animated/player_walking_down_frame29.png", "animated/player_walking_down_frame30.png", "animated/player_walking_down_frame31.png", "animated/player_walking_down_frame32.png", "animated/player_walking_down_frame33.png", "animated/player_walking_down_frame34.png", "animated/player_walking_down_frame35.png", "animated/player_walking_down_frame36.png"],
                    "walking_right": ["animated/player_walking_right_frame_1.png", "animated/player_walking_right_frame_2.png", "animated/player_walking_right_frame_3.png", "animated/player_walking_right_frame_4.png", "animated/player_walking_right_frame_5.png", "animated/player_walking_right_frame_6.png", "animated/player_walking_right_frame_7.png", "animated/player_walking_right_frame_8.png", "animated/player_walking_right_frame_9.png", "animated/player_walking_right_frame_10.png", "animated/player_walking_right_frame_11.png", "animated/player_walking_right_frame_12.png", "animated/player_walking_right_frame_13.png", "animated/player_walking_right_frame_14.png", "animated/player_walking_right_frame_15.png", "animated/player_walking_right_frame_16.png", "animated/player_walking_right_frame_17.png", "animated/player_walking_right_frame_18.png", "animated/player_walking_right_frame_19.png", "animated/player_walking_right_frame_20.png", "animated/player_walking_right_frame_21.png", "animated/player_walking_right_frame_22.png", "animated/player_walking_right_frame_23.png", "animated/player_walking_right_frame_24.png", "animated/player_walking_right_frame_25.png", "animated/player_walking_right_frame_26.png", "animated/player_walking_right_frame_27.png", "animated/player_walking_right_frame_28.png", "animated/player_walking_right_frame_29.png", "animated/player_walking_right_frame_30.png", "animated/player_walking_right_frame_31.png", "animated/player_walking_right_frame_32.png", "animated/player_walking_right_frame_33.png", "animated/player_walking_right_frame_34.png", "animated/player_walking_right_frame_35.png", "animated/player_walking_right_frame_36.png"],
                    "walking_left": ["animated/player_walking_left1.png", "animated/player_walking_left2.png", "animated/player_walking_left3.png", "animated/player_walking_left4.png", "animated/player_walking_left5.png", "animated/player_walking_left6.png", "animated/player_walking_left7.png", "animated/player_walking_left8.png", "animated/player_walking_left9.png", "animated/player_walking_left10.png", "animated/player_walking_left11.png", "animated/player_walking_left12.png", "animated/player_walking_left13.png", "animated/player_walking_left14.png", "animated/player_walking_left15.png", "animated/player_walking_left16.png", "animated/player_walking_left17.png", "animated/player_walking_left18.png", "animated/player_walking_left19.png", "animated/player_walking_left20.png", "animated/player_walking_left21.png", "animated/player_walking_left22.png", "animated/player_walking_left23.png", "animated/player_walking_left24.png", "animated/player_walking_left25.png", "animated/player_walking_left26.png", "animated/player_walking_left27.png", "animated/player_walking_left28.png", "animated/player_walking_left29.png", "animated/player_walking_left30.png", "animated/player_walking_left31.png", "animated/player_walking_left32.png", "animated/player_walking_left33.png", "animated/player_walking_left34.png", "animated/player_walking_left35.png", "animated/player_walking_left36.png"]
                }},
                {"type": "npc", "x": 384, "y": 72, "image": "npc_new_invert.png", "dialogue_tree": { 
                    "npc_text": "hello",
                        "responses": [
                            {
                                "response_text": "hi",
                                "next": {
                                    "npc_text": "how are you?",
                                    "responses": [
                                        {
                                            "response_text": "good",
                                            "next": {
                                                "npc_text": "great to hear!",
                                                "npc_action": "end_conversation",
                                                "responses": []
                                            }
                                        },
                                        {
                                            "response_text": "bad",
                                            "next": {
                                                "npc_text": "sorry to hear that.",
                                                "npc_action": "end_conversation",
                                                "responses": []
                                            }
                                        }
                                    ]
                                }
                            },
                            {
                                "response_text": "bye",
                                "next": {
                                    "npc_text": "goodbye!",
                                    "responses": []
                                }
                            }
                        ]
                    }, "animation_states": {
                        "idle": ["animated/player_idle_frame_1.png", "animated/player_idle_frame_2.png", "animated/player_idle_frame_3.png", "animated/player_idle_frame_4.png", "animated/player_idle_frame_5.png", "animated/player_idle_frame_6.png", "animated/player_idle_frame_7.png", "animated/player_idle_frame_8.png", "animated/player_idle_frame_9.png", "animated/player_idle_frame_10.png", "animated/player_idle_frame_11.png", "animated/player_idle_frame_12.png", "animated/player_idle_frame_13.png", "animated/player_idle_frame_14.png", "animated/player_idle_frame_15.png", "animated/player_idle_frame_16.png", "animated/player_idle_frame_17.png", "animated/player_idle_frame_18.png", "animated/player_idle_frame_19.png", "animated/player_idle_frame_20.png", "animated/player_idle_frame_21.png", "animated/player_idle_frame_22.png", "animated/player_idle_frame_23.png", "animated/player_idle_frame_24.png", "animated/player_idle_frame_25.png", "animated/player_idle_frame_26.png", "animated/player_idle_frame_27.png", "animated/player_idle_frame_28.png", "animated/player_idle_frame_29.png", "animated/player_idle_frame_30.png", "animated/player_idle_frame_31.png", "animated/player_idle_frame_32.png", "animated/player_idle_frame_33.png"],
                        "walking_up": ["animated/player_walking_up_frame1.png", "animated/player_walking_up_frame2.png", "animated/player_walking_up_frame3.png", "animated/player_walking_up_frame4.png", "animated/player_walking_up_frame5.png", "animated/player_walking_up_frame6.png", "animated/player_walking_up_frame7.png", "animated/player_walking_up_frame8.png", "animated/player_walking_up_frame9.png", "animated/player_walking_up_frame10.png", "animated/player_walking_up_frame11.png", "animated/player_walking_up_frame12.png", "animated/player_walking_up_frame13.png", "animated/player_walking_up_frame14.png", "animated/player_walking_up_frame15.png", "animated/player_walking_up_frame16.png", "animated/player_walking_up_frame17.png", "animated/player_walking_up_frame18.png", "animated/player_walking_up_frame19.png", "animated/player_walking_up_frame20.png", "animated/player_walking_up_frame21.png", "animated/player_walking_up_frame22.png", "animated/player_walking_up_frame23.png", "animated/player_walking_up_frame24.png", "animated/player_walking_up_frame25.png", "animated/player_walking_up_frame26.png", "animated/player_walking_up_frame27.png", "animated/player_walking_up_frame28.png", "animated/player_walking_up_frame29.png", "animated/player_walking_up_frame30.png", "animated/player_walking_up_frame31.png", "animated/player_walking_up_frame32.png", "animated/player_walking_up_frame33.png", "animated/player_walking_up_frame34.png", "animated/player_walking_up_frame35.png", "animated/player_walking_up_frame36.png"],
                        "walking_down": ["animated/player_walking_down_frame1.png", "animated/player_walking_down_frame2.png", "animated/player_walking_down_frame3.png", "animated/player_walking_down_frame4.png", "animated/player_walking_down_frame5.png", "animated/player_walking_down_frame6.png", "animated/player_walking_down_frame7.png", "animated/player_walking_down_frame8.png", "animated/player_walking_down_frame9.png", "animated/player_walking_down_frame10.png", "animated/player_walking_down_frame11.png", "animated/player_walking_down_frame12.png", "animated/player_walking_down_frame13.png", "animated/player_walking_down_frame14.png", "animated/player_walking_down_frame15.png", "animated/player_walking_down_frame16.png", "animated/player_walking_down_frame17.png", "animated/player_walking_down_frame18.png", "animated/player_walking_down_frame19.png", "animated/player_walking_down_frame20.png", "animated/player_walking_down_frame21.png", "animated/player_walking_down_frame22.png", "animated/player_walking_down_frame23.png", "animated/player_walking_down_frame24.png", "animated/player_walking_down_frame25.png", "animated/player_walking_down_frame26.png", "animated/player_walking_down_frame27.png", "animated/player_walking_down_frame28.png", "animated/player_walking_down_frame29.png", "animated/player_walking_down_frame30.png", "animated/player_walking_down_frame31.png", "animated/player_walking_down_frame32.png", "animated/player_walking_down_frame33.png", "animated/player_walking_down_frame34.png", "animated/player_walking_down_frame35.png", "animated/player_walking_down_frame36.png"],
                        "walking_right": ["animated/player_walking_right_frame_1.png", "animated/player_walking_right_frame_2.png", "animated/player_walking_right_frame_3.png", "animated/player_walking_right_frame_4.png", "animated/player_walking_right_frame_5.png", "animated/player_walking_right_frame_6.png", "animated/player_walking_right_frame_7.png", "animated/player_walking_right_frame_8.png", "animated/player_walking_right_frame_9.png", "animated/player_walking_right_frame_10.png", "animated/player_walking_right_frame_11.png", "animated/player_walking_right_frame_12.png", "animated/player_walking_right_frame_13.png", "animated/player_walking_right_frame_14.png", "animated/player_walking_right_frame_15.png", "animated/player_walking_right_frame_16.png", "animated/player_walking_right_frame_17.png", "animated/player_walking_right_frame_18.png", "animated/player_walking_right_frame_19.png", "animated/player_walking_right_frame_20.png", "animated/player_walking_right_frame_21.png", "animated/player_walking_right_frame_22.png", "animated/player_walking_right_frame_23.png", "animated/player_walking_right_frame_24.png", "animated/player_walking_right_frame_25.png", "animated/player_walking_right_frame_26.png", "animated/player_walking_right_frame_27.png", "animated/player_walking_right_frame_28.png", "animated/player_walking_right_frame_29.png", "animated/player_walking_right_frame_30.png", "animated/player_walking_right_frame_31.png", "animated/player_walking_right_frame_32.png", "animated/player_walking_right_frame_33.png", "animated/player_walking_right_frame_34.png", "animated/player_walking_right_frame_35.png", "animated/player_walking_right_frame_36.png"],
                        "walking_left": ["animated/player_walking_left1.png", "animated/player_walking_left2.png", "animated/player_walking_left3.png", "animated/player_walking_left4.png", "animated/player_walking_left5.png", "animated/player_walking_left6.png", "animated/player_walking_left7.png", "animated/player_walking_left8.png", "animated/player_walking_left9.png", "animated/player_walking_left10.png", "animated/player_walking_left11.png", "animated/player_walking_left12.png", "animated/player_walking_left13.png", "animated/player_walking_left14.png", "animated/player_walking_left15.png", "animated/player_walking_left16.png", "animated/player_walking_left17.png", "animated/player_walking_left18.png", "animated/player_walking_left19.png", "animated/player_walking_left20.png", "animated/player_walking_left21.png", "animated/player_walking_left22.png", "animated/player_walking_left23.png", "animated/player_walking_left24.png", "animated/player_walking_left25.png", "animated/player_walking_left26.png", "animated/player_walking_left27.png", "animated/player_walking_left28.png", "animated/player_walking_left29.png", "animated/player_walking_left30.png", "animated/player_walking_left31.png", "animated/player_walking_left32.png", "animated/player_walking_left33.png", "animated/player_walking_left34.png", "animated/player_walking_left35.png", "animated/player_walking_left36.png"]
                    } , "ai_abilities": {
                        "ai_packages": ["move_randomly"]
                    }
                },
                {"type": "npc", "x": 744, "y": 600, "image": "npc_new_invert.png", "dialogue_tree": {
                    "npc_text": "hello",
                    "responses": [
                        {
                            "response_text": "hi",
                            "next": {
                                "npc_text": "how are you?",
                                "responses": [
                                    {
                                        "response_text": "good",
                                        "next": {
                                            "npc_text": "great to hear!",
                                            "npc_action": "end_conversation",
                                            "responses": []
                                        }
                                    },
                                    {
                                        "response_text": "bad",
                                        "next": {
                                            "npc_text": "sorry to hear that.",
                                            "npc_action": "end_conversation",
                                            "responses": []
                                        }
                                    }
                                ]
                            }
                        },
                        {
                            "response_text": "bye",
                            "next": {
                                "npc_text": "goodbye!",
                                "npc_action": "end_conversation",
                                "responses": []
                            }
                        }
                    ]
                }, "animation_states": {
                        "idle": ["animated/player_idle_frame_1.png", "animated/player_idle_frame_2.png", "animated/player_idle_frame_3.png", "animated/player_idle_frame_4.png", "animated/player_idle_frame_5.png", "animated/player_idle_frame_6.png", "animated/player_idle_frame_7.png", "animated/player_idle_frame_8.png", "animated/player_idle_frame_9.png", "animated/player_idle_frame_10.png", "animated/player_idle_frame_11.png", "animated/player_idle_frame_12.png", "animated/player_idle_frame_13.png", "animated/player_idle_frame_14.png", "animated/player_idle_frame_15.png", "animated/player_idle_frame_16.png", "animated/player_idle_frame_17.png", "animated/player_idle_frame_18.png", "animated/player_idle_frame_19.png", "animated/player_idle_frame_20.png", "animated/player_idle_frame_21.png", "animated/player_idle_frame_22.png", "animated/player_idle_frame_23.png", "animated/player_idle_frame_24.png", "animated/player_idle_frame_25.png", "animated/player_idle_frame_26.png", "animated/player_idle_frame_27.png", "animated/player_idle_frame_28.png", "animated/player_idle_frame_29.png", "animated/player_idle_frame_30.png", "animated/player_idle_frame_31.png", "animated/player_idle_frame_32.png", "animated/player_idle_frame_33.png"],
                        "walking_up": ["animated/player_walking_up_frame1.png", "animated/player_walking_up_frame2.png", "animated/player_walking_up_frame3.png", "animated/player_walking_up_frame4.png", "animated/player_walking_up_frame5.png", "animated/player_walking_up_frame6.png", "animated/player_walking_up_frame7.png", "animated/player_walking_up_frame8.png", "animated/player_walking_up_frame9.png", "animated/player_walking_up_frame10.png", "animated/player_walking_up_frame11.png", "animated/player_walking_up_frame12.png", "animated/player_walking_up_frame13.png", "animated/player_walking_up_frame14.png", "animated/player_walking_up_frame15.png", "animated/player_walking_up_frame16.png", "animated/player_walking_up_frame17.png", "animated/player_walking_up_frame18.png", "animated/player_walking_up_frame19.png", "animated/player_walking_up_frame20.png", "animated/player_walking_up_frame21.png", "animated/player_walking_up_frame22.png", "animated/player_walking_up_frame23.png", "animated/player_walking_up_frame24.png", "animated/player_walking_up_frame25.png", "animated/player_walking_up_frame26.png", "animated/player_walking_up_frame27.png", "animated/player_walking_up_frame28.png", "animated/player_walking_up_frame29.png", "animated/player_walking_up_frame30.png", "animated/player_walking_up_frame31.png", "animated/player_walking_up_frame32.png", "animated/player_walking_up_frame33.png", "animated/player_walking_up_frame34.png", "animated/player_walking_up_frame35.png", "animated/player_walking_up_frame36.png"],
                        "walking_down": ["animated/player_walking_down_frame1.png", "animated/player_walking_down_frame2.png", "animated/player_walking_down_frame3.png", "animated/player_walking_down_frame4.png", "animated/player_walking_down_frame5.png", "animated/player_walking_down_frame6.png", "animated/player_walking_down_frame7.png", "animated/player_walking_down_frame8.png", "animated/player_walking_down_frame9.png", "animated/player_walking_down_frame10.png", "animated/player_walking_down_frame11.png", "animated/player_walking_down_frame12.png", "animated/player_walking_down_frame13.png", "animated/player_walking_down_frame14.png", "animated/player_walking_down_frame15.png", "animated/player_walking_down_frame16.png", "animated/player_walking_down_frame17.png", "animated/player_walking_down_frame18.png", "animated/player_walking_down_frame19.png", "animated/player_walking_down_frame20.png", "animated/player_walking_down_frame21.png", "animated/player_walking_down_frame22.png", "animated/player_walking_down_frame23.png", "animated/player_walking_down_frame24.png", "animated/player_walking_down_frame25.png", "animated/player_walking_down_frame26.png", "animated/player_walking_down_frame27.png", "animated/player_walking_down_frame28.png", "animated/player_walking_down_frame29.png", "animated/player_walking_down_frame30.png", "animated/player_walking_down_frame31.png", "animated/player_walking_down_frame32.png", "animated/player_walking_down_frame33.png", "animated/player_walking_down_frame34.png", "animated/player_walking_down_frame35.png", "animated/player_walking_down_frame36.png"],
                        "walking_right": ["animated/player_walking_right_frame_1.png", "animated/player_walking_right_frame_2.png", "animated/player_walking_right_frame_3.png", "animated/player_walking_right_frame_4.png", "animated/player_walking_right_frame_5.png", "animated/player_walking_right_frame_6.png", "animated/player_walking_right_frame_7.png", "animated/player_walking_right_frame_8.png", "animated/player_walking_right_frame_9.png", "animated/player_walking_right_frame_10.png", "animated/player_walking_right_frame_11.png", "animated/player_walking_right_frame_12.png", "animated/player_walking_right_frame_13.png", "animated/player_walking_right_frame_14.png", "animated/player_walking_right_frame_15.png", "animated/player_walking_right_frame_16.png", "animated/player_walking_right_frame_17.png", "animated/player_walking_right_frame_18.png", "animated/player_walking_right_frame_19.png", "animated/player_walking_right_frame_20.png", "animated/player_walking_right_frame_21.png", "animated/player_walking_right_frame_22.png", "animated/player_walking_right_frame_23.png", "animated/player_walking_right_frame_24.png", "animated/player_walking_right_frame_25.png", "animated/player_walking_right_frame_26.png", "animated/player_walking_right_frame_27.png", "animated/player_walking_right_frame_28.png", "animated/player_walking_right_frame_29.png", "animated/player_walking_right_frame_30.png", "animated/player_walking_right_frame_31.png", "animated/player_walking_right_frame_32.png", "animated/player_walking_right_frame_33.png", "animated/player_walking_right_frame_34.png", "animated/player_walking_right_frame_35.png", "animated/player_walking_right_frame_36.png"],
                        "walking_left": ["animated/player_walking_left1.png", "animated/player_walking_left2.png", "animated/player_walking_left3.png", "animated/player_walking_left4.png", "animated/player_walking_left5.png", "animated/player_walking_left6.png", "animated/player_walking_left7.png", "animated/player_walking_left8.png", "animated/player_walking_left9.png", "animated/player_walking_left10.png", "animated/player_walking_left11.png", "animated/player_walking_left12.png", "animated/player_walking_left13.png", "animated/player_walking_left14.png", "animated/player_walking_left15.png", "animated/player_walking_left16.png", "animated/player_walking_left17.png", "animated/player_walking_left18.png", "animated/player_walking_left19.png", "animated/player_walking_left20.png", "animated/player_walking_left21.png", "animated/player_walking_left22.png", "animated/player_walking_left23.png", "animated/player_walking_left24.png", "animated/player_walking_left25.png", "animated/player_walking_left26.png", "animated/player_walking_left27.png", "animated/player_walking_left28.png", "animated/player_walking_left29.png", "animated/player_walking_left30.png", "animated/player_walking_left31.png", "animated/player_walking_left32.png", "animated/player_walking_left33.png", "animated/player_walking_left34.png", "animated/player_walking_left35.png", "animated/player_walking_left36.png"]
                    } , "ai_abilities": {
                        "ai_packages": []
                    }
            }
            ],
            "background_image": "background2.png",
            "doors": [
                {"x": 800, "y": 300, "image": "door1.png", "target_level": 0, "target_x": 1, "target_y": 1}
            ]
        }
    ]
}